<?xml version="1.0" encoding="UTF-8"?>
<!-- Generated by eXe - http://exelearning.net -->
<manifest identifier="eXeADIDACTICA687d79ad28d103953f39" xmlns="http://www.imsproject.org/xsd/imscp_rootv1p1p2" xmlns:adlcp="http://www.adlnet.org/xsd/adlcp_rootv1p2" xmlns:imsmd="http://www.imsglobal.org/xsd/imsmd_v1p2" xmlns:xsi="http://www.w3.org/2001/XMLSchema-instance" xsi:schemaLocation="http://www.imsproject.org/xsd/imscp_rootv1p1p2 imscp_rootv1p1p2.xsd http://www.imsglobal.org/xsd/imsmd_rootv1p2p1 imsmd_rootv1p2p1.xsd http://www.adlnet.org/xsd/adlcp_rootv1p2 adlcp_rootv1p2.xsd" > 
<metadata> 
 <schema>ADL SCORM</schema> 
 <schemaversion>1.2</schemaversion> 
 <adlcp:location>imslrm.xml</adlcp:location> 
</metadata> 
<organizations default="eXeADIDACTICA687d79ad28d103953f3a">  
    <organization identifier="eXeADIDACTICA687d79ad28d103953f3a" structure="hierarchical">
        <title>sitio comprensionlectora</title>
<item identifier="ITEM-eXeADIDACTICA687d79ad28d103953f3b" isvisible="true" identifierref="RES-eXeADIDACTICA687d79ad28d103953f3c">
    <title>Inicio</title>
<item identifier="ITEM-eXeADIDACTICA687d79ad28d103953f3d" isvisible="true" identifierref="RES-eXeADIDACTICA687d79ad28d103953f3e">
    <title>Identificación</title>
</item>
<item identifier="ITEM-eXeADIDACTICA687d79ad28d10395403f" isvisible="true" identifierref="RES-eXeADIDACTICA687d79ad28d103954040">
    <title>SECUENCIA DIDÁCTICA: INICIO</title>
<item identifier="ITEM-eXeADIDACTICA687d79ad28d103954041" isvisible="true" identifierref="RES-eXeADIDACTICA687d79ad28d103954042">
    <title>Nuestro Rincón de Saberes</title>
</item>
<item identifier="ITEM-eXeADIDACTICA687d79ad28d103954143" isvisible="true" identifierref="RES-eXeADIDACTICA687d79ad28d103954144">
    <title>¿Qué nos contará el texto?</title>
</item>
</item>
<item identifier="ITEM-eXeADIDACTICA687d79ad28d103954245" isvisible="true" identifierref="RES-eXeADIDACTICA687d79ad28d103954246">
    <title>SECUENCIA DIDACTICA: DESARROLLO</title>
<item identifier="ITEM-eXeADIDACTICA687d79ad28d103954247" isvisible="true" identifierref="RES-eXeADIDACTICA687d79ad28d103954248">
    <title>¡A Leer y a Imaginar!</title>
</item>
<item identifier="ITEM-eXeADIDACTICA687d79ad28d103954349" isvisible="true" identifierref="RES-eXeADIDACTICA687d79ad28d10395434a">
    <title>¿Qué decía el texto?</title>
</item>
<item identifier="ITEM-eXeADIDACTICA687d79ad28d103954b4b" isvisible="true" identifierref="RES-eXeADIDACTICA687d79ad28d103954b4c">
    <title>Mis imágenes y el texto:</title>
</item>
</item>
<item identifier="ITEM-eXeADIDACTICA687d79ad28d103954b4d" isvisible="true" identifierref="RES-eXeADIDACTICA687d79ad28d103954b4e">
    <title>SECUENCIA DIDÁCTICA. CIERRE</title>
<item identifier="ITEM-eXeADIDACTICA687d79ad28d103954b4f" isvisible="true" identifierref="RES-eXeADIDACTICA687d79ad28d103954b50">
    <title>Mi Estrategia Favorita.</title>
</item>
<item identifier="ITEM-eXeADIDACTICA687d79ad28d103954c51" isvisible="true" identifierref="RES-eXeADIDACTICA687d79ad28d103954c52">
    <title>Compartiendo la historia</title>
</item>
</item>
<item identifier="ITEM-eXeADIDACTICA687d79ad28d103954c53" isvisible="true" identifierref="RES-eXeADIDACTICA687d79ad28d103954c54">
    <title>Bibliografía</title>
</item>
</item>
  </organization>
</organizations>
<resources>
  <resource identifier="RES-eXeADIDACTICA687d79ad28d103953f3c" type="webcontent" adlcp:scormtype="sco" href="index.html"> 
    <file href="index.html"/> 
    <file href="exe_html5.js"/>
    <dependency identifierref="COMMON_FILES"/>
  </resource>
  <resource identifier="RES-eXeADIDACTICA687d79ad28d103953f3e" type="webcontent" adlcp:scormtype="sco" href="identificacin.html"> 
    <file href="identificacin.html"/> 
    <file href="exe_html5.js"/>
    <dependency identifierref="COMMON_FILES"/>
  </resource>
  <resource identifier="RES-eXeADIDACTICA687d79ad28d103954040" type="webcontent" adlcp:scormtype="sco" href="secuencia_didctica_inicio.html"> 
    <file href="secuencia_didctica_inicio.html"/> 
    <file href="exe_html5.js"/>
    <dependency identifierref="COMMON_FILES"/>
  </resource>
  <resource identifier="RES-eXeADIDACTICA687d79ad28d103954042" type="webcontent" adlcp:scormtype="sco" href="nuestro_rincn_de_saberes.html"> 
    <file href="nuestro_rincn_de_saberes.html"/> 
    <file href="exe_html5.js"/>
    <file href="img2.png"/>
    <file href="beso-de-dos-aguas-encuentro.jpg"/>
    <file href="img2.1.png"/>
    <dependency identifierref="COMMON_FILES"/>
  </resource>
  <resource identifier="RES-eXeADIDACTICA687d79ad28d103954144" type="webcontent" adlcp:scormtype="sco" href="qu_nos_contar_el_texto.html"> 
    <file href="qu_nos_contar_el_texto.html"/> 
    <file href="exe_html5.js"/>
    <file href="2.jpg"/>
    <file href="TELARANA.jpeg"/>
    <file href="coghi.jpg"/>
    <file href="tejido.jpeg"/>
    <file href="_7B457F6E15-C419-4E5E-BF8B-FD13381F7762_7D.png"/>
    <file href="mochila.png"/>
    <file href="TECHO.jpeg"/>
    <file href="malkua.jpeg"/>
    <file href="cazador.jpeg"/>
    <file href="cwordfind.js"/>
    <file href="exequextaudio.png"/>
    <file href="exequextcursor.gif"/>
    <file href="exequextfirstr.png"/>
    <file href="exequextfull.png"/>
    <file href="exequexthits.png"/>
    <file href="exequextlastr.png"/>
    <file href="exequextlive.png"/>
    <file href="exequextlost.png"/>
    <file href="exequextmin.png"/>
    <file href="exequextmoveon.png"/>
    <file href="exequextnextr.png"/>
    <file href="exequextnormal.png"/>
    <file href="exequextnumber.png"/>
    <file href="exequextone.png"/>
    <file href="exequextpause.png"/>
    <file href="exequextplayvideo.png"/>
    <file href="exequextpreviousr.png"/>
    <file href="exequextreload.png"/>
    <file href="exequextreply.png"/>
    <file href="exequextrerrors.png"/>
    <file href="exequextroscomin.png"/>
    <file href="exequextscore.png"/>
    <file href="exequextsq.png"/>
    <file href="exequexttime.png"/>
    <file href="exequexttwo.png"/>
    <file href="exequextvideo.png"/>
    <file href="exequextwon.png"/>
    <file href="mapacerrarventana.svg"/>
    <file href="sopa-activity.css"/>
    <file href="sopa-activity.js"/>
    <file href="sopaHome.png"/>
    <file href="sopaIcon.svg"/>
    <file href="sopaaudio.svg"/>
    <file href="sopaimage.svg"/>
    <file href="exequextbuttonko.svg"/>
    <file href="exequextbuttonok.svg"/>
    <file href="exequextcopyright.png"/>
    <file href="exequextplayaudio.svg"/>
    <file href="relaciona-activity.css"/>
    <file href="relaciona-activity.js"/>
    <file href="relacionaHome.png"/>
    <file href="relacionaIcon.png"/>
    <dependency identifierref="COMMON_FILES"/>
  </resource>
  <resource identifier="RES-eXeADIDACTICA687d79ad28d103954246" type="webcontent" adlcp:scormtype="sco" href="secuencia_didactica_desarrollo.html"> 
    <file href="secuencia_didactica_desarrollo.html"/> 
    <file href="exe_html5.js"/>
    <dependency identifierref="COMMON_FILES"/>
  </resource>
  <resource identifier="RES-eXeADIDACTICA687d79ad28d103954248" type="webcontent" adlcp:scormtype="sco" href="a_leer_y_a_imaginar.html"> 
    <file href="a_leer_y_a_imaginar.html"/> 
    <file href="exe_html5.js"/>
    <file href="img0.png"/>
    <dependency identifierref="COMMON_FILES"/>
  </resource>
  <resource identifier="RES-eXeADIDACTICA687d79ad28d10395434a" type="webcontent" adlcp:scormtype="sco" href="qu_deca_el_texto.html"> 
    <file href="qu_deca_el_texto.html"/> 
    <file href="exe_html5.js"/>
    <file href="2.jpg"/>
    <file href="stock-stop.png"/>
    <file href="_7BDE5BB384-A750-4457-AB3D-2809FB9CDCFC_7D.png"/>
    <file href="panel-amusements.png"/>
    <file href="common.js"/>
    <dependency identifierref="COMMON_FILES"/>
  </resource>
  <resource identifier="RES-eXeADIDACTICA687d79ad28d103954b4c" type="webcontent" adlcp:scormtype="sco" href="mis_imgenes_y_el_texto.html"> 
    <file href="mis_imgenes_y_el_texto.html"/> 
    <file href="exe_html5.js"/>
    <file href="_7B3F7D0B45-090F-4499-87C0-2DC0BD749E4A_7D.png"/>
    <dependency identifierref="COMMON_FILES"/>
  </resource>
  <resource identifier="RES-eXeADIDACTICA687d79ad28d103954b4e" type="webcontent" adlcp:scormtype="sco" href="secuencia_didctica_cierre.html"> 
    <file href="secuencia_didctica_cierre.html"/> 
    <file href="exe_html5.js"/>
    <dependency identifierref="COMMON_FILES"/>
  </resource>
  <resource identifier="RES-eXeADIDACTICA687d79ad28d103954b50" type="webcontent" adlcp:scormtype="sco" href="mi_estrategia_favorita.html"> 
    <file href="mi_estrategia_favorita.html"/> 
    <file href="exe_html5.js"/>
    <file href="_7B6054F5E1-755B-4B6C-9988-A7CB3963A64A_7D.png"/>
    <dependency identifierref="COMMON_FILES"/>
  </resource>
  <resource identifier="RES-eXeADIDACTICA687d79ad28d103954c52" type="webcontent" adlcp:scormtype="sco" href="compartiendo_la_historia.html"> 
    <file href="compartiendo_la_historia.html"/> 
    <file href="exe_html5.js"/>
    <file href="_7B067DEB88-44FD-41F1-9085-DF13F59716F0_7D.png"/>
    <dependency identifierref="COMMON_FILES"/>
  </resource>
  <resource identifier="RES-eXeADIDACTICA687d79ad28d103954c54" type="webcontent" adlcp:scormtype="sco" href="bibliografa.html"> 
    <file href="bibliografa.html"/> 
    <file href="exe_html5.js"/>
    <dependency identifierref="COMMON_FILES"/>
  </resource>
  <resource identifier="COMMON_FILES" type="webcontent" adlcp:scormtype="asset">
    <file href="config.xml"/>
    <file href="content.css"/>
    <file href="icon_agreement.png"/>
    <file href="icon_alert.png"/>
    <file href="icon_arts.png"/>
    <file href="icon_attached.png"/>
    <file href="icon_cabinet.png"/>
    <file href="icon_calc.png"/>
    <file href="icon_collaborative.png"/>
    <file href="icon_competencies.png"/>
    <file href="icon_diary.png"/>
    <file href="icon_download.png"/>
    <file href="icon_english.png"/>
    <file href="icon_experiment.png"/>
    <file href="icon_geography.png"/>
    <file href="icon_history.png"/>
    <file href="icon_info.png"/>
    <file href="icon_java.png"/>
    <file href="icon_letters.png"/>
    <file href="icon_magnifier.png"/>
    <file href="icon_math.png"/>
    <file href="icon_music.png"/>
    <file href="icon_nature.png"/>
    <file href="icon_objective.png"/>
    <file href="icon_picture.png"/>
    <file href="icon_piece.png"/>
    <file href="icon_preknowledge.png"/>
    <file href="icon_question.png"/>
    <file href="icon_reading.png"/>
    <file href="icon_reflection.png"/>
    <file href="icon_rss.png"/>
    <file href="icon_share.png"/>
    <file href="icon_sport.png"/>
    <file href="icon_task.png"/>
    <file href="icon_technology.png"/>
    <file href="icon_theater.png"/>
    <file href="icon_think.png"/>
    <file href="icon_tool.png"/>
    <file href="icon_wikipedia.png"/>
    <file href="icon_write.png"/>
    <file href="nav.css"/>
    <file href="open-sans-bold.woff"/>
    <file href="open-sans-bold.woff2"/>
    <file href="open-sans.woff"/>
    <file href="open-sans.woff2"/>
    <file href="_style_icons.png"/>
    <file href="_style_idevice_header.gif"/>
    <file href="_style_js.js"/>
    <file href="base.css"/>
    <file href="popup_bg.gif"/>
    <file href="exe_powered_logo.png"/>
    <file href="SCORM_API_wrapper.js"/>
    <file href="SCOFunctions.js"/>
    <file href="common.js"/>
    <file href="common_i18n.js"/>
    <file href="exe_jquery.js"/>
    <file href="content.xsd"/>
    <file href="content.data"/>
    <file href="contentv3.xml"/>
    <file href="imslrm.xml"/>
  </resource>
</resources>
</manifest>
